{
"format_version": "2",
  "custom:halfWhiteConcrete": {
    "textures": {
        "up": "concrete_white",
        "down": "hardened_clay_stained_cyan",
        "side": "hardened_clay_stained_cyan"
        },
    "sound":"stone"
    },
  "custom:halfRedConcrete": {
    "textures": {
        "up": "concrete_red",
        "down": "hardened_clay_stained_cyan",
        "side": "hardened_clay_stained_cyan"
        },
    "sound":"stone"
    },
  "custom:halfYellowConcrete": {
    "textures": {
        "up": "concrete_yellow",
        "down": "hardened_clay_stained_cyan",
        "side": "hardened_clay_stained_cyan"
        },
    "sound":"stone"
    },
   "concrete" : {
      "sound" : "stone",
      "textures" : "concrete"
   },
}